{
  "hash": "21889439",
  "browserHash": "095a977c",
  "optimized": {
    "@angular/core": {
      "src": "../../../../../../node_modules/@angular/core/fesm2022/core.mjs",
      "file": "@angular_core.js",
      "fileHash": "219ed4d4",
      "needsInterop": false
    },
    "@angular/platform-browser": {
      "src": "../../../../../../node_modules/@angular/platform-browser/fesm2022/platform-browser.mjs",
      "file": "@angular_platform-browser.js",
      "fileHash": "43014ad6",
      "needsInterop": false
    },
    "@angular/router": {
      "src": "../../../../../../node_modules/@angular/router/fesm2022/router.mjs",
      "file": "@angular_router.js",
      "fileHash": "4bbbebaa",
      "needsInterop": false
    },
    "@angular/forms": {
      "src": "../../../../../../node_modules/@angular/forms/fesm2022/forms.mjs",
      "file": "@angular_forms.js",
      "fileHash": "874b804b",
      "needsInterop": false
    },
    "@angular/common/http": {
      "src": "../../../../../../node_modules/@angular/common/fesm2022/http.mjs",
      "file": "@angular_common_http.js",
      "fileHash": "374d6b59",
      "needsInterop": false
    },
    "@angular/common": {
      "src": "../../../../../../node_modules/@angular/common/fesm2022/common.mjs",
      "file": "@angular_common.js",
      "fileHash": "60482ca4",
      "needsInterop": false
    }
  },
  "chunks": {
    "chunk-FSEQ6OIO": {
      "file": "chunk-FSEQ6OIO.js"
    },
    "chunk-SZLXNM6X": {
      "file": "chunk-SZLXNM6X.js"
    },
    "chunk-HFPTYH2W": {
      "file": "chunk-HFPTYH2W.js"
    },
    "chunk-4QO4WNDS": {
      "file": "chunk-4QO4WNDS.js"
    }
  }
}